-- Clear existing data
TRUNCATE TABLE assignments, schedule, route_price, route, bus, driver, bus_model, bus_make, bus_manufacturer, vehicle_amenity, bus_type, fuel_type, transmission_type, location CASCADE;

-- Constants
-- Agency ID: 'test-agency-id'

-- 1. FuelType (Prefix 1000...)
INSERT INTO fuel_type (fuel_type_id, fuel_type_name, agencyid) VALUES 
('10000000-0000-0000-0000-000000000001', 'Fuel Type 1', 'test-agency-id'),
('10000000-0000-0000-0000-000000000002', 'Fuel Type 2', 'test-agency-id'),
('10000000-0000-0000-0000-000000000003', 'Fuel Type 3', 'test-agency-id'),
('10000000-0000-0000-0000-000000000004', 'Fuel Type 4', 'test-agency-id'),
('10000000-0000-0000-0000-000000000005', 'Fuel Type 5', 'test-agency-id');

-- 2. TransmissionType (Prefix 2000...)
INSERT INTO transmission_type (transmission_type_id, type_name, agencyid) VALUES
('20000000-0000-0000-0000-000000000001', 'Transmission 1', 'test-agency-id'),
('20000000-0000-0000-0000-000000000002', 'Transmission 2', 'test-agency-id'),
('20000000-0000-0000-0000-000000000003', 'Transmission 3', 'test-agency-id'),
('20000000-0000-0000-0000-000000000004', 'Transmission 4', 'test-agency-id'),
('20000000-0000-0000-0000-000000000005', 'Transmission 5', 'test-agency-id');

-- 3. BusType (Prefix 3000...)
INSERT INTO bus_type (bus_type_id, bus_type_name, agencyid) VALUES
('30000000-0000-0000-0000-000000000001', 'Bus Type 1', 'test-agency-id'),
('30000000-0000-0000-0000-000000000002', 'Bus Type 2', 'test-agency-id'),
('30000000-0000-0000-0000-000000000003', 'Bus Type 3', 'test-agency-id'),
('30000000-0000-0000-0000-000000000004', 'Bus Type 4', 'test-agency-id'),
('30000000-0000-0000-0000-000000000005', 'Bus Type 5', 'test-agency-id');

-- 4. BusManufacturer (Prefix 4000...)
INSERT INTO bus_manufacturer (manufacturer_id, manufacturer_name, agencyid) VALUES
('40000000-0000-0000-0000-000000000001', 'Manufacturer 1', 'test-agency-id'),
('40000000-0000-0000-0000-000000000002', 'Manufacturer 2', 'test-agency-id'),
('40000000-0000-0000-0000-000000000003', 'Manufacturer 3', 'test-agency-id'),
('40000000-0000-0000-0000-000000000004', 'Manufacturer 4', 'test-agency-id'),
('40000000-0000-0000-0000-000000000005', 'Manufacturer 5', 'test-agency-id');

-- 5. VehicleAmenity (Prefix 5000...)
INSERT INTO vehicle_amenity (amenity_id, amenity_name, description, agencyid) VALUES
('50000000-0000-0000-0000-000000000001', 'Amenity 1', 'Desc 1', 'test-agency-id'),
('50000000-0000-0000-0000-000000000002', 'Amenity 2', 'Desc 2', 'test-agency-id'),
('50000000-0000-0000-0000-000000000003', 'Amenity 3', 'Desc 3', 'test-agency-id'),
('50000000-0000-0000-0000-000000000004', 'Amenity 4', 'Desc 4', 'test-agency-id'),
('50000000-0000-0000-0000-000000000005', 'Amenity 5', 'Desc 5', 'test-agency-id');

-- 6. Location (Prefix 6000...)
INSERT INTO location (locationid, locationname, agencyid) VALUES
('60000000-0000-0000-0000-000000000001', 'Location 1', 'test-agency-id'),
('60000000-0000-0000-0000-000000000002', 'Location 2', 'test-agency-id'),
('60000000-0000-0000-0000-000000000003', 'Location 3', 'test-agency-id'),
('60000000-0000-0000-0000-000000000004', 'Location 4', 'test-agency-id'),
('60000000-0000-0000-0000-000000000005', 'Location 5', 'test-agency-id');

-- 7. BusMake (Prefix 7000...)
INSERT INTO bus_make (bus_make_id, make_name, agencyid) VALUES
('70000000-0000-0000-0000-000000000001', 'Make 1', 'test-agency-id'),
('70000000-0000-0000-0000-000000000002', 'Make 2', 'test-agency-id'),
('70000000-0000-0000-0000-000000000003', 'Make 3', 'test-agency-id'),
('70000000-0000-0000-0000-000000000004', 'Make 4', 'test-agency-id'),
('70000000-0000-0000-0000-000000000005', 'Make 5', 'test-agency-id');

-- 8. BusModels (Prefix 8000...)
INSERT INTO bus_model (bus_model_id, model_name, agencyid) VALUES
('80000000-0000-0000-0000-000000000001', 'Model 1', 'test-agency-id'),
('80000000-0000-0000-0000-000000000002', 'Model 2', 'test-agency-id'),
('80000000-0000-0000-0000-000000000003', 'Model 3', 'test-agency-id'),
('80000000-0000-0000-0000-000000000004', 'Model 4', 'test-agency-id'),
('80000000-0000-0000-0000-000000000005', 'Model 5', 'test-agency-id');

-- 9. Drivers (Prefix 9000...)
INSERT INTO driver (driver_id, full_name, phone, license_number, agencyid) VALUES
('90000000-0000-0000-0000-000000000001', 'Driver 1', '555-001', 'LIC-0001', 'test-agency-id'),
('90000000-0000-0000-0000-000000000002', 'Driver 2', '555-002', 'LIC-0002', 'test-agency-id'),
('90000000-0000-0000-0000-000000000003', 'Driver 3', '555-003', 'LIC-0003', 'test-agency-id'),
('90000000-0000-0000-0000-000000000004', 'Driver 4', '555-004', 'LIC-0004', 'test-agency-id'),
('90000000-0000-0000-0000-000000000005', 'Driver 5', '555-005', 'LIC-0005', 'test-agency-id');

-- 10. Buses (Prefix A000...)
INSERT INTO bus (bus_id, agency_id, bus_make_id, bus_model_id, manufacturer_id, fuel_type_id, transmission_type_id, bus_type_id, registration_number, total_seats, luggage_capacity_kg, tank_capacity_liters, mileage_km) VALUES
('A0000000-0000-0000-0000-000000000001', '00000000-0000-0000-0000-000000000000', '70000000-0000-0000-0000-000000000001', '80000000-0000-0000-0000-000000000001', '40000000-0000-0000-0000-000000000001', '10000000-0000-0000-0000-000000000001', '20000000-0000-0000-0000-000000000001', '30000000-0000-0000-0000-000000000001', 'REG-1001', 50, 100.0, 200.0, 1000.0),
('A0000000-0000-0000-0000-000000000002', '00000000-0000-0000-0000-000000000000', '70000000-0000-0000-0000-000000000002', '80000000-0000-0000-0000-000000000002', '40000000-0000-0000-0000-000000000002', '10000000-0000-0000-0000-000000000002', '20000000-0000-0000-0000-000000000002', '30000000-0000-0000-0000-000000000002', 'REG-1002', 50, 100.0, 200.0, 1000.0),
('A0000000-0000-0000-0000-000000000003', '00000000-0000-0000-0000-000000000000', '70000000-0000-0000-0000-000000000003', '80000000-0000-0000-0000-000000000003', '40000000-0000-0000-0000-000000000003', '10000000-0000-0000-0000-000000000003', '20000000-0000-0000-0000-000000000003', '30000000-0000-0000-0000-000000000003', 'REG-1003', 50, 100.0, 200.0, 1000.0),
('A0000000-0000-0000-0000-000000000004', '00000000-0000-0000-0000-000000000000', '70000000-0000-0000-0000-000000000004', '80000000-0000-0000-0000-000000000004', '40000000-0000-0000-0000-000000000004', '10000000-0000-0000-0000-000000000004', '20000000-0000-0000-0000-000000000004', '30000000-0000-0000-0000-000000000004', 'REG-1004', 50, 100.0, 200.0, 1000.0),
('A0000000-0000-0000-0000-000000000005', '00000000-0000-0000-0000-000000000000', '70000000-0000-0000-0000-000000000005', '80000000-0000-0000-0000-000000000005', '40000000-0000-0000-0000-000000000005', '10000000-0000-0000-0000-000000000005', '20000000-0000-0000-0000-000000000005', '30000000-0000-0000-0000-000000000005', 'REG-1005', 50, 100.0, 200.0, 1000.0);

-- Bus Amenities linkage
INSERT INTO bus_amenities (bus_id, amenity_id) VALUES
('A0000000-0000-0000-0000-000000000001', '50000000-0000-0000-0000-000000000001'),
('A0000000-0000-0000-0000-000000000002', '50000000-0000-0000-0000-000000000002'),
('A0000000-0000-0000-0000-000000000003', '50000000-0000-0000-0000-000000000003'),
('A0000000-0000-0000-0000-000000000004', '50000000-0000-0000-0000-000000000004'),
('A0000000-0000-0000-0000-000000000005', '50000000-0000-0000-0000-000000000005');

-- 11. Routes (Prefix B000...)
INSERT INTO route (routeid, startlocationid, endlocationid, agencyid) VALUES
('B0000000-0000-0000-0000-000000000001', '60000000-0000-0000-0000-000000000001', '60000000-0000-0000-0000-000000000002', 'test-agency-id'),
('B0000000-0000-0000-0000-000000000002', '60000000-0000-0000-0000-000000000002', '60000000-0000-0000-0000-000000000003', 'test-agency-id'),
('B0000000-0000-0000-0000-000000000003', '60000000-0000-0000-0000-000000000003', '60000000-0000-0000-0000-000000000004', 'test-agency-id'),
('B0000000-0000-0000-0000-000000000004', '60000000-0000-0000-0000-000000000004', '60000000-0000-0000-0000-000000000005', 'test-agency-id'),
('B0000000-0000-0000-0000-000000000005', '60000000-0000-0000-0000-000000000005', '60000000-0000-0000-0000-000000000001', 'test-agency-id');

INSERT INTO route_stop_points (route_id, stop_point) VALUES
('B0000000-0000-0000-0000-000000000001', 'Stop A'), ('B0000000-0000-0000-0000-000000000001', 'Stop B'),
('B0000000-0000-0000-0000-000000000002', 'Stop C'), ('B0000000-0000-0000-0000-000000000002', 'Stop D'),
('B0000000-0000-0000-0000-000000000003', 'Stop E'), ('B0000000-0000-0000-0000-000000000003', 'Stop F'),
('B0000000-0000-0000-0000-000000000004', 'Stop G'), ('B0000000-0000-0000-0000-000000000004', 'Stop H'),
('B0000000-0000-0000-0000-000000000005', 'Stop I'), ('B0000000-0000-0000-0000-000000000005', 'Stop J');

-- 12. Route Prices (Prefix C000...)
INSERT INTO route_price (price_id, route_id, bus_id, price_amount, currency, agencyid) VALUES
('C0000000-0000-0000-0000-000000000001', 'B0000000-0000-0000-0000-000000000001', 'A0000000-0000-0000-0000-000000000001', 150.0, 'USD', 'test-agency-id'),
('C0000000-0000-0000-0000-000000000002', 'B0000000-0000-0000-0000-000000000002', 'A0000000-0000-0000-0000-000000000002', 150.0, 'USD', 'test-agency-id'),
('C0000000-0000-0000-0000-000000000003', 'B0000000-0000-0000-0000-000000000003', 'A0000000-0000-0000-0000-000000000003', 150.0, 'USD', 'test-agency-id'),
('C0000000-0000-0000-0000-000000000004', 'B0000000-0000-0000-0000-000000000004', 'A0000000-0000-0000-0000-000000000004', 150.0, 'USD', 'test-agency-id'),
('C0000000-0000-0000-0000-000000000005', 'B0000000-0000-0000-0000-000000000005', 'A0000000-0000-0000-0000-000000000005', 150.0, 'USD', 'test-agency-id');

-- 13. Schedules (Prefix D000...)
INSERT INTO schedule (scheduleid, date, arrivaltime, departuretime, routeid, busid, agencyid, priceid, driverid) VALUES
('D0000000-0000-0000-0000-000000000001', '2026-02-01', '10:00', '12:00', 'B0000000-0000-0000-0000-000000000001', 'A0000000-0000-0000-0000-000000000001', 'test-agency-id', 'C0000000-0000-0000-0000-000000000001', '90000000-0000-0000-0000-000000000001'),
('D0000000-0000-0000-0000-000000000002', '2026-02-02', '10:00', '12:00', 'B0000000-0000-0000-0000-000000000002', 'A0000000-0000-0000-0000-000000000002', 'test-agency-id', 'C0000000-0000-0000-0000-000000000002', '90000000-0000-0000-0000-000000000002'),
('D0000000-0000-0000-0000-000000000003', '2026-02-03', '10:00', '12:00', 'B0000000-0000-0000-0000-000000000003', 'A0000000-0000-0000-0000-000000000003', 'test-agency-id', 'C0000000-0000-0000-0000-000000000003', '90000000-0000-0000-0000-000000000003'),
('D0000000-0000-0000-0000-000000000004', '2026-02-04', '10:00', '12:00', 'B0000000-0000-0000-0000-000000000004', 'A0000000-0000-0000-0000-000000000004', 'test-agency-id', 'C0000000-0000-0000-0000-000000000004', '90000000-0000-0000-0000-000000000004'),
('D0000000-0000-0000-0000-000000000005', '2026-02-05', '10:00', '12:00', 'B0000000-0000-0000-0000-000000000005', 'A0000000-0000-0000-0000-000000000005', 'test-agency-id', 'C0000000-0000-0000-0000-000000000005', '90000000-0000-0000-0000-000000000005');

-- 14. Assignments (Prefix E000...)
INSERT INTO assignments (assignment_id, schedule_id, driver_id, agencyid, assignment_date) VALUES
('E0000000-0000-0000-0000-000000000001', 'D0000000-0000-0000-0000-000000000001', '90000000-0000-0000-0000-000000000001', 'test-agency-id', '2026-02-01'),
('E0000000-0000-0000-0000-000000000002', 'D0000000-0000-0000-0000-000000000002', '90000000-0000-0000-0000-000000000002', 'test-agency-id', '2026-02-02'),
('E0000000-0000-0000-0000-000000000003', 'D0000000-0000-0000-0000-000000000003', '90000000-0000-0000-0000-000000000003', 'test-agency-id', '2026-02-03'),
('E0000000-0000-0000-0000-000000000004', 'D0000000-0000-0000-0000-000000000004', '90000000-0000-0000-0000-000000000004', 'test-agency-id', '2026-02-04'),
('E0000000-0000-0000-0000-000000000005', 'D0000000-0000-0000-0000-000000000005', '90000000-0000-0000-0000-000000000005', 'test-agency-id', '2026-02-05');
